{"proxies":{"bencoding.utterance.SpeechProxy":{"superPackageName":"org.appcelerator.kroll","dynamicProperties":{"speaking":{"set":false,"nativeConverter":"org.appcelerator.kroll.KrollConverter","getMethodName":"isSpeaking","converter":"org.appcelerator.kroll.KrollConverter","defaultValueProvider":"org.appcelerator.kroll.KrollConverter","javascriptConverter":"org.appcelerator.kroll.KrollConverter","getHasInvocation":false,"runOnUiThread":false,"getMethodArgs":[],"getReturnType":"java.lang.Boolean","get":true,"name":"speaking","setHasInvocation":false,"getDefaultProviders":[]}},"methods":{"isSpeaking":{"runOnUiThread":false,"hasInvocation":false,"args":[],"apiName":"isSpeaking","converter":"org.appcelerator.kroll.KrollConverter","defaultValueProvider":"org.appcelerator.kroll.KrollConverter","name":"__default_name__","returnType":"java.lang.Boolean"},"isLanguageAvailable":{"runOnUiThread":false,"hasInvocation":false,"args":[{"converter":"org.appcelerator.kroll.KrollConverter","defaultValueProvider":"org.appcelerator.kroll.KrollConverter","name":"language","sourceName":"language","type":"java.lang.String"}],"apiName":"isLanguageAvailable","converter":"org.appcelerator.kroll.KrollConverter","defaultValueProvider":"org.appcelerator.kroll.KrollConverter","name":"__default_name__","returnType":"boolean"},"startSpeaking":{"runOnUiThread":false,"hasInvocation":false,"args":[{"converter":"org.appcelerator.kroll.KrollConverter","defaultValueProvider":"org.appcelerator.kroll.KrollConverter","name":"hm","sourceName":"hm","type":"java.util.HashMap"}],"apiName":"startSpeaking","converter":"org.appcelerator.kroll.KrollConverter","defaultValueProvider":"org.appcelerator.kroll.KrollConverter","name":"__default_name__","returnType":"void"},"pauseSpeaking":{"runOnUiThread":false,"hasInvocation":false,"args":[{"converter":"org.appcelerator.kroll.KrollConverter","defaultValueProvider":"org.appcelerator.kroll.KrollConverter","name":"hm","optional":true,"sourceName":"hm","type":"java.util.HashMap"}],"apiName":"pauseSpeaking","converter":"org.appcelerator.kroll.KrollConverter","defaultValueProvider":"org.appcelerator.kroll.KrollConverter","name":"__default_name__","returnType":"void"},"stopSpeaking":{"runOnUiThread":false,"hasInvocation":false,"args":[{"converter":"org.appcelerator.kroll.KrollConverter","defaultValueProvider":"org.appcelerator.kroll.KrollConverter","name":"hm","optional":true,"sourceName":"hm","type":"java.util.HashMap"}],"apiName":"stopSpeaking","converter":"org.appcelerator.kroll.KrollConverter","defaultValueProvider":"org.appcelerator.kroll.KrollConverter","name":"__default_name__","returnType":"void"}},"superProxyClassName":"KrollProxy","isModule":false,"genClassName":"SpeechProxyBindingGen","superProxyBindingClassName":"org.appcelerator.kroll.KrollProxyBindingGen","proxyClassName":"SpeechProxy","proxyAttrs":{"propertyAccessors":[],"fullAPIName":"Utterance.Speech","name":"Speech","proxyClassName":"bencoding.utterance.SpeechProxy","isTopLevel":false,"id":"bencoding.utterance.SpeechProxy","creatableInModule":"bencoding.utterance.UtteranceModule","parentModule":"org.appcelerator.kroll.annotations.Kroll.DEFAULT"},"packageName":"bencoding.utterance","sourceName":"bencoding.utterance.SpeechProxyBindingGen","constants":{"MIN_SPEECH_RATE":{"proxyName":"MIN_SPEECH_RATE","name":"MIN_SPEECH_RATE","type":"int","value":0},"SPEECH_BOUNDARY_IMMEDIATE":{"proxyName":"SPEECH_BOUNDARY_IMMEDIATE","name":"SPEECH_BOUNDARY_IMMEDIATE","type":"int","value":0},"MAX_SPEECH_RATE":{"proxyName":"MAX_SPEECH_RATE","name":"MAX_SPEECH_RATE","type":"int","value":0},"SPEECH_BOUNDARY_WORD":{"proxyName":"SPEECH_BOUNDARY_WORD","name":"SPEECH_BOUNDARY_WORD","type":"int","value":0},"DEFAULT_SPEECH_RATE":{"proxyName":"DEFAULT_SPEECH_RATE","name":"DEFAULT_SPEECH_RATE","type":"int","value":0}},"isTitaniumSdk":false},"bencoding.utterance.InstallTTSDataProxy":{"superPackageName":"org.appcelerator.kroll","methods":{"InstallData":{"runOnUiThread":false,"hasInvocation":false,"args":[],"apiName":"InstallData","converter":"org.appcelerator.kroll.KrollConverter","defaultValueProvider":"org.appcelerator.kroll.KrollConverter","name":"__default_name__","returnType":"void"},"CheckDataInstalled":{"runOnUiThread":false,"hasInvocation":false,"args":[],"apiName":"CheckDataInstalled","converter":"org.appcelerator.kroll.KrollConverter","defaultValueProvider":"org.appcelerator.kroll.KrollConverter","name":"__default_name__","returnType":"void"}},"superProxyBindingClassName":"org.appcelerator.kroll.KrollProxyBindingGen","proxyClassName":"InstallTTSDataProxy","proxyAttrs":{"propertyAccessors":[],"fullAPIName":"Utterance.InstallTTSData","name":"InstallTTSData","proxyClassName":"bencoding.utterance.InstallTTSDataProxy","isTopLevel":false,"id":"bencoding.utterance.InstallTTSDataProxy","creatableInModule":"bencoding.utterance.UtteranceModule","parentModule":"org.appcelerator.kroll.annotations.Kroll.DEFAULT"},"packageName":"bencoding.utterance","sourceName":"bencoding.utterance.InstallTTSDataProxyBindingGen","isTitaniumSdk":false,"superProxyClassName":"KrollProxy","isModule":false,"genClassName":"InstallTTSDataProxyBindingGen"},"bencoding.utterance.SpeechToTextProxy":{"superPackageName":"org.appcelerator.kroll","methods":{"isSupport":{"runOnUiThread":false,"hasInvocation":false,"args":[],"apiName":"isSupport","converter":"org.appcelerator.kroll.KrollConverter","defaultValueProvider":"org.appcelerator.kroll.KrollConverter","name":"__default_name__","returnType":"java.lang.Boolean"},"startSpeechToText":{"runOnUiThread":false,"hasInvocation":false,"args":[{"converter":"org.appcelerator.kroll.KrollConverter","defaultValueProvider":"org.appcelerator.kroll.KrollConverter","name":"hm","sourceName":"hm","type":"java.util.HashMap"}],"apiName":"startSpeechToText","converter":"org.appcelerator.kroll.KrollConverter","defaultValueProvider":"org.appcelerator.kroll.KrollConverter","name":"__default_name__","returnType":"void"}},"dynamicProperties":{"support":{"set":false,"nativeConverter":"org.appcelerator.kroll.KrollConverter","getMethodName":"isSupport","converter":"org.appcelerator.kroll.KrollConverter","defaultValueProvider":"org.appcelerator.kroll.KrollConverter","javascriptConverter":"org.appcelerator.kroll.KrollConverter","getHasInvocation":false,"runOnUiThread":false,"getMethodArgs":[],"getReturnType":"java.lang.Boolean","get":true,"name":"support","setHasInvocation":false,"getDefaultProviders":[]}},"superProxyClassName":"KrollProxy","isModule":false,"genClassName":"SpeechToTextProxyBindingGen","superProxyBindingClassName":"org.appcelerator.kroll.KrollProxyBindingGen","proxyClassName":"SpeechToTextProxy","proxyAttrs":{"propertyAccessors":[],"fullAPIName":"Utterance.SpeechToText","name":"SpeechToText","proxyClassName":"bencoding.utterance.SpeechToTextProxy","isTopLevel":false,"id":"bencoding.utterance.SpeechToTextProxy","creatableInModule":"bencoding.utterance.UtteranceModule","parentModule":"org.appcelerator.kroll.annotations.Kroll.DEFAULT"},"packageName":"bencoding.utterance","sourceName":"bencoding.utterance.SpeechToTextProxyBindingGen","constants":{"LANGUAGE_MODEL_FREE_FORM":{"proxyName":"LANGUAGE_MODEL_FREE_FORM","name":"LANGUAGE_MODEL_FREE_FORM","type":"java.lang.String","value":"free_form"},"LANGUAGE_MODEL_WEB_SEARCH":{"proxyName":"LANGUAGE_MODEL_WEB_SEARCH","name":"LANGUAGE_MODEL_WEB_SEARCH","type":"java.lang.String","value":"web_search"}},"isTitaniumSdk":false},"bencoding.utterance.UtteranceModule":{"superPackageName":"org.appcelerator.kroll","dynamicProperties":{"supported":{"set":false,"nativeConverter":"org.appcelerator.kroll.KrollConverter","getMethodName":"isSupported","converter":"org.appcelerator.kroll.KrollConverter","defaultValueProvider":"org.appcelerator.kroll.KrollConverter","javascriptConverter":"org.appcelerator.kroll.KrollConverter","getHasInvocation":false,"runOnUiThread":false,"getMethodArgs":[],"getReturnType":"java.lang.Boolean","get":true,"name":"supported","setHasInvocation":false,"getDefaultProviders":[]}},"methods":{"isSupported":{"runOnUiThread":false,"hasInvocation":false,"args":[],"apiName":"isSupported","converter":"org.appcelerator.kroll.KrollConverter","defaultValueProvider":"org.appcelerator.kroll.KrollConverter","name":"__default_name__","returnType":"java.lang.Boolean"}},"superProxyClassName":"KrollModule","isModule":true,"genClassName":"UtteranceModuleBindingGen","superProxyBindingClassName":"org.appcelerator.kroll.KrollModuleBindingGen","proxyClassName":"UtteranceModule","proxyAttrs":{"propertyAccessors":[],"fullAPIName":"Utterance","name":"Utterance","proxyClassName":"bencoding.utterance.UtteranceModule","isTopLevel":false,"id":"bencoding.utterance"},"packageName":"bencoding.utterance","sourceName":"bencoding.utterance.UtteranceModuleBindingGen","isTitaniumSdk":false,"onAppCreate":"onAppCreate"}},"modules":{"bencoding.utterance.UtteranceModule":{"apiName":"Utterance","createProxies":[{"propertyAccessors":[],"fullAPIName":"Utterance.SpeechToText","name":"SpeechToText","proxyClassName":"bencoding.utterance.SpeechToTextProxy","isTopLevel":false,"id":"bencoding.utterance.SpeechToTextProxy","creatableInModule":"bencoding.utterance.UtteranceModule","parentModule":"org.appcelerator.kroll.annotations.Kroll.DEFAULT"},{"propertyAccessors":[],"fullAPIName":"Utterance.InstallTTSData","name":"InstallTTSData","proxyClassName":"bencoding.utterance.InstallTTSDataProxy","isTopLevel":false,"id":"bencoding.utterance.InstallTTSDataProxy","creatableInModule":"bencoding.utterance.UtteranceModule","parentModule":"org.appcelerator.kroll.annotations.Kroll.DEFAULT"},{"propertyAccessors":[],"fullAPIName":"Utterance.Speech","name":"Speech","proxyClassName":"bencoding.utterance.SpeechProxy","isTopLevel":false,"id":"bencoding.utterance.SpeechProxy","creatableInModule":"bencoding.utterance.UtteranceModule","parentModule":"org.appcelerator.kroll.annotations.Kroll.DEFAULT"}]}}}